ID_PELANGGAN,NAMA_PELANGGAN,EMAIL_PELANGGAN,TELP_PELANGGAN,ALAMAT_PELANGGAN,CREATED_AT,KATA_SANDI,FOTO_KTP
67,Qori Amalia,qori67@dummy.co.id,8.12346E+13,Jalan Pisang No.67,3/6/2026,****CENSORED****,ada
68,Rizky Maulana,rizky68@dummy.co.id,8.12346E+13,Jalan Salak No.68,3/6/2026,****CENSORED****,ada
69,Sari Wulandari,sari69@dummy.co.id,8.12346E+13,Jalan Semangka No.69,3/6/2026,****CENSORED****,ada
70,Taufik Hidayat,taufik70@dummy.co.id,8.12346E+13,Jalan Markisa No.70,3/6/2026,****CENSORED****,ada
71,Umar Bakri,umar71@dummy.co.id,8.12346E+13,Jalan Sudirman No.71,3/6/2026,****CENSORED****,ada
72,Vina Oktavia,vina72@dummy.co.id,8.12346E+13,Jalan Thamrin No.72,3/6/2026,****CENSORED****,ada
73,Wahyu Nugroho,wahyu73@dummy.co.id,8.12346E+13,Jalan Gatot Subroto No.73,3/6/2026,****CENSORED****,ada
74,Xena Maharani,xena74@dummy.co.id,8.12346E+13,Jalan Diponegoro No.74,3/6/2026,****CENSORED****,ada
75,Yusuf Effendi,yusuf75@dummy.co.id,8.12346E+13,Jalan Imam Bonjol No.75,3/6/2026,****CENSORED****,ada
76,Zahra Amelia,zahra76@dummy.co.id,8.12346E+13,Jalan Veteran No.76,3/6/2026,****CENSORED****,ada
77,Arif Budiman,arif77@dummy.co.id,8.12346E+13,Jalan Merdeka No.77,3/6/2026,****CENSORED****,ada
78,Bella Safitri,bella78@dummy.co.id,8.12346E+13,Jalan Pahlawan No.78,3/6/2026,****CENSORED****,ada
79,Cahyo Purnomo,cahyo79@dummy.co.id,8.12346E+13,Jalan Pemuda No.79,3/6/2026,****CENSORED****,ada
80,Dina Fitriani,dina80@dummy.co.id,8.12346E+13,Jalan Setia Budi No.80,3/6/2026,****CENSORED****,ada
81,Edi Surya,edi81@dummy.co.id,8.12346E+13,Jalan Cendana No.81,3/6/2026,****CENSORED****,ada
82,Fani Mardiana,fani82@dummy.co.id,8.12346E+13,Jalan Akasia No.82,3/6/2026,****CENSORED****,ada
83,Gunawan Saputra,gunawan83@dummy.co.id,8.12346E+13,Jalan Mahoni No.83,3/6/2026,****CENSORED****,ada
84,Hesty Wulandari,hesty84@dummy.co.id,8.12346E+13,Jalan Jati No.84,3/6/2026,****CENSORED****,ada
85,Imam Nawawi,imam85@dummy.co.id,8.12346E+13,Jalan Pinus No.85,3/6/2026,****CENSORED****,ada
86,Jihan Fadhilah,jihan86@dummy.co.id,8.12346E+13,Jalan Soekarno No.86,3/6/2026,****CENSORED****,ada
87,Kukuh Prasetya,kukuh87@dummy.co.id,8.12346E+13,Jalan Hatta No.87,3/6/2026,****CENSORED****,ada
88,Laila Nurhaliza,laila88@dummy.co.id,8.12346E+13,Jalan Nasution No.88,3/6/2026,****CENSORED****,ada
89,Miko Andrianto,miko89@dummy.co.id,8.12346E+13,Jalan Ahmad Yani No.89,3/6/2026,****CENSORED****,ada
90,Nina Safira,nina90@dummy.co.id,8.12346E+13,Jalan Yos Sudarso No.90,3/6/2026,****CENSORED****,ada
91,Ogi Setyawan,ogi91@dummy.co.id,8.12346E+13,Jalan Sisingamangaraja No.91,3/6/2026,****CENSORED****,ada
92,Pina Angelia,pina92@dummy.co.id,8.12346E+13,Jalan Pangeran No.92,3/6/2026,****CENSORED****,ada
93,Qiano Mahendra,qiano93@dummy.co.id,8.12346E+13,Jalan Kartini No.93,3/6/2026,****CENSORED****,ada
94,Rani Kusuma,rani94@dummy.co.id,8.12346E+13,Jalan Dewi Sartika No.94,3/6/2026,****CENSORED****,ada
95,Surya Darma,surya95@dummy.co.id,8.12346E+13,Jalan Cut Nyak Dien No.95,3/6/2026,****CENSORED****,ada
96,Tika Permata,tika96@dummy.co.id,8.12346E+13,Jalan Teuku Umar No.96,3/6/2026,****CENSORED****,ada
97,Ulfa Nadira,ulfa97@dummy.co.id,8.12346E+13,Jalan Hasanuddin No.97,3/6/2026,****CENSORED****,ada
98,Vino Saputra,vino98@dummy.co.id,8.12346E+13,Jalan Patimura No.98,3/6/2026,****CENSORED****,ada
99,Wulan Sari,wulan99@dummy.co.id,8.12346E+13,Jalan Antasari No.99,3/6/2026,****CENSORED****,ada
100,Yoga Permana,yoga100@dummy.co.id,8.12346E+13,Jalan Juanda No.100,3/6/2026,****CENSORED****,ada
101,Ahmad Fauzi,ahmad101@dummy.co.id,8.12346E+13,Jalan Mawar No.101,3/6/2026,****CENSORED****,ada
102,Budi Santoso,budi102@dummy.co.id,8.12346E+13,Jalan Melati No.102,3/6/2026,****CENSORED****,ada
103,Citra Dewi,citra103@dummy.co.id,8.12346E+13,Jalan Kenanga No.103,3/6/2026,****CENSORED****,ada
104,Dian Pratama,dian104@dummy.co.id,8.12346E+13,Jalan Anggrek No.104,3/6/2026,****CENSORED****,ada
105,Eko Wijaya,eko105@dummy.co.id,8.12346E+13,Jalan Dahlia No.105,3/6/2026,****CENSORED****,ada
106,Fitri Sari,fitri106@dummy.co.id,8.12346E+13,Jalan Flamboyan No.106,3/6/2026,****CENSORED****,ada
107,Galih Putra,galih107@dummy.co.id,8.12346E+13,Jalan Bougenville No.107,3/6/2026,****CENSORED****,ada
108,Hani Lestari,hani108@dummy.co.id,8.12346E+13,Jalan Cempaka No.108,3/6/2026,****CENSORED****,ada
109,Irfan Hakim,irfan109@dummy.co.id,8.12346E+13,Jalan Seroja No.109,3/6/2026,****CENSORED****,ada
110,Joko Susilo,joko110@dummy.co.id,8.12346E+13,Jalan Teratai No.110,3/6/2026,****CENSORED****,ada
111,Kartika Putri,kartika111@dummy.co.id,8.12346E+13,Jalan Mangga No.111,3/6/2026,****CENSORED****,ada
112,Luthfi Anwar,luthfi112@dummy.co.id,8.12346E+13,Jalan Rambutan No.112,3/6/2026,****CENSORED****,ada
113,Maya Indah,maya113@dummy.co.id,8.12346E+13,Jalan Durian No.113,3/6/2026,****CENSORED****,ada
114,Nanda Rizky,nanda114@dummy.co.id,8.12346E+13,Jalan Jambu No.114,3/6/2026,****CENSORED****,ada
115,Oky Firmansyah,oky115@dummy.co.id,8.12346E+13,Jalan Nangka No.115,3/6/2026,****CENSORED****,ada
116,Putri Rahayu,putri116@dummy.co.id,8.12346E+13,Jalan Kelapa No.116,3/6/2026,****CENSORED****,ada
117,Qori Amalia,qori117@dummy.co.id,8.12346E+13,Jalan Pisang No.117,3/6/2026,****CENSORED****,ada
118,Rizky Maulana,rizky118@dummy.co.id,8.12346E+13,Jalan Salak No.118,3/6/2026,****CENSORED****,ada
119,Sari Wulandari,sari119@dummy.co.id,8.12346E+13,Jalan Semangka No.119,3/6/2026,****CENSORED****,ada
120,Taufik Hidayat,taufik120@dummy.co.id,8.12346E+13,Jalan Markisa No.120,3/6/2026,****CENSORED****,ada
121,Umar Bakri,umar121@dummy.co.id,8.12346E+13,Jalan Sudirman No.121,3/6/2026,****CENSORED****,ada
122,Vina Oktavia,vina122@dummy.co.id,8.12346E+13,Jalan Thamrin No.122,3/6/2026,****CENSORED****,ada
123,Wahyu Nugroho,wahyu123@dummy.co.id,8.12346E+13,Jalan Gatot Subroto No.123,3/6/2026,****CENSORED****,ada
124,Xena Maharani,xena124@dummy.co.id,8.12346E+13,Jalan Diponegoro No.124,3/6/2026,****CENSORED****,ada
125,Yusuf Effendi,yusuf125@dummy.co.id,8.12346E+13,Jalan Imam Bonjol No.125,3/6/2026,****CENSORED****,ada
126,Zahra Amelia,zahra126@dummy.co.id,8.12346E+13,Jalan Veteran No.126,3/6/2026,****CENSORED****,ada
127,Arif Budiman,arif127@dummy.co.id,8.12346E+13,Jalan Merdeka No.127,3/6/2026,****CENSORED****,ada
128,Bella Safitri,bella128@dummy.co.id,8.12346E+13,Jalan Pahlawan No.128,3/6/2026,****CENSORED****,ada
129,Cahyo Purnomo,cahyo129@dummy.co.id,8.12346E+13,Jalan Pemuda No.129,3/6/2026,****CENSORED****,ada
130,Dina Fitriani,dina130@dummy.co.id,8.12346E+13,Jalan Setia Budi No.130,3/6/2026,****CENSORED****,ada
131,Edi Surya,edi131@dummy.co.id,8.12346E+13,Jalan Cendana No.131,3/6/2026,****CENSORED****,ada
132,Fani Mardiana,fani132@dummy.co.id,8.12346E+13,Jalan Akasia No.132,3/6/2026,****CENSORED****,ada
133,Gunawan Saputra,gunawan133@dummy.co.id,8.12346E+13,Jalan Mahoni No.133,3/6/2026,****CENSORED****,ada
134,Hesty Wulandari,hesty134@dummy.co.id,8.12346E+13,Jalan Jati No.134,3/6/2026,****CENSORED****,ada
135,Imam Nawawi,imam135@dummy.co.id,8.12346E+13,Jalan Pinus No.135,3/6/2026,****CENSORED****,ada
136,Jihan Fadhilah,jihan136@dummy.co.id,8.12346E+13,Jalan Soekarno No.136,3/6/2026,****CENSORED****,ada
137,Kukuh Prasetya,kukuh137@dummy.co.id,8.12346E+13,Jalan Hatta No.137,3/6/2026,****CENSORED****,ada
138,Laila Nurhaliza,laila138@dummy.co.id,8.12346E+13,Jalan Nasution No.138,3/6/2026,****CENSORED****,ada
139,Miko Andrianto,miko139@dummy.co.id,8.12346E+13,Jalan Ahmad Yani No.139,3/6/2026,****CENSORED****,ada
140,Nina Safira,nina140@dummy.co.id,8.12346E+13,Jalan Yos Sudarso No.140,3/6/2026,****CENSORED****,ada
141,Ogi Setyawan,ogi141@dummy.co.id,8.12346E+13,Jalan Sisingamangaraja No.141,3/6/2026,****CENSORED****,ada
142,Pina Angelia,pina142@dummy.co.id,8.12346E+13,Jalan Pangeran No.142,3/6/2026,****CENSORED****,ada
143,Qiano Mahendra,qiano143@dummy.co.id,8.12346E+13,Jalan Kartini No.143,3/6/2026,****CENSORED****,ada
144,Rani Kusuma,rani144@dummy.co.id,8.12346E+13,Jalan Dewi Sartika No.144,3/6/2026,****CENSORED****,ada
145,Surya Darma,surya145@dummy.co.id,8.12346E+13,Jalan Cut Nyak Dien No.145,3/6/2026,****CENSORED****,ada
146,Tika Permata,tika146@dummy.co.id,8.12346E+13,Jalan Teuku Umar No.146,3/6/2026,****CENSORED****,ada
147,Ulfa Nadira,ulfa147@dummy.co.id,8.12346E+13,Jalan Hasanuddin No.147,3/6/2026,****CENSORED****,ada
148,Vino Saputra,vino148@dummy.co.id,8.12346E+13,Jalan Patimura No.148,3/6/2026,****CENSORED****,ada
149,Wulan Sari,wulan149@dummy.co.id,8.12346E+13,Jalan Antasari No.149,3/6/2026,****CENSORED****,ada
150,Yoga Permana,yoga150@dummy.co.id,8.12346E+13,Jalan Juanda No.150,3/6/2026,****CENSORED****,ada
151,Ahmad Fauzi,ahmad151@dummy.co.id,8.12346E+13,Jalan Mawar No.151,3/6/2026,****CENSORED****,ada
152,Budi Santoso,budi152@dummy.co.id,8.12346E+13,Jalan Melati No.152,3/6/2026,****CENSORED****,ada
153,Citra Dewi,citra153@dummy.co.id,8.12346E+13,Jalan Kenanga No.153,3/6/2026,****CENSORED****,ada
154,Dian Pratama,dian154@dummy.co.id,8.12346E+13,Jalan Anggrek No.154,3/6/2026,****CENSORED****,ada
155,Eko Wijaya,eko155@dummy.co.id,8.12346E+13,Jalan Dahlia No.155,3/6/2026,****CENSORED****,ada
156,Fitri Sari,fitri156@dummy.co.id,8.12346E+13,Jalan Flamboyan No.156,3/6/2026,****CENSORED****,ada
157,Galih Putra,galih157@dummy.co.id,8.12346E+13,Jalan Bougenville No.157,3/6/2026,****CENSORED****,ada
158,Hani Lestari,hani158@dummy.co.id,8.12346E+13,Jalan Cempaka No.158,3/6/2026,****CENSORED****,ada
159,Irfan Hakim,irfan159@dummy.co.id,8.12346E+13,Jalan Seroja No.159,3/6/2026,****CENSORED****,ada
160,Joko Susilo,joko160@dummy.co.id,8.12346E+13,Jalan Teratai No.160,3/6/2026,****CENSORED****,ada
161,Kartika Putri,kartika161@dummy.co.id,8.12346E+13,Jalan Mangga No.161,3/6/2026,****CENSORED****,ada
162,Luthfi Anwar,luthfi162@dummy.co.id,8.12346E+13,Jalan Rambutan No.162,3/6/2026,****CENSORED****,ada
163,Maya Indah,maya163@dummy.co.id,8.12346E+13,Jalan Durian No.163,3/6/2026,****CENSORED****,ada
164,Nanda Rizky,nanda164@dummy.co.id,8.12346E+13,Jalan Jambu No.164,3/6/2026,****CENSORED****,ada
165,Oky Firmansyah,oky165@dummy.co.id,8.12346E+13,Jalan Nangka No.165,3/6/2026,****CENSORED****,ada
166,Putri Rahayu,putri166@dummy.co.id,8.12346E+13,Jalan Kelapa No.166,3/6/2026,****CENSORED****,ada
167,Qori Amalia,qori167@dummy.co.id,8.12346E+13,Jalan Pisang No.167,3/6/2026,****CENSORED****,ada
168,Rizky Maulana,rizky168@dummy.co.id,8.12346E+13,Jalan Salak No.168,3/6/2026,****CENSORED****,ada
169,Sari Wulandari,sari169@dummy.co.id,8.12346E+13,Jalan Semangka No.169,3/6/2026,****CENSORED****,ada
170,Taufik Hidayat,taufik170@dummy.co.id,8.12346E+13,Jalan Markisa No.170,3/6/2026,****CENSORED****,ada
171,Umar Bakri,umar171@dummy.co.id,8.12346E+13,Jalan Sudirman No.171,3/6/2026,****CENSORED****,ada
172,Vina Oktavia,vina172@dummy.co.id,8.12346E+13,Jalan Thamrin No.172,3/6/2026,****CENSORED****,ada
173,Wahyu Nugroho,wahyu173@dummy.co.id,8.12346E+13,Jalan Gatot Subroto No.173,3/6/2026,****CENSORED****,ada
174,Xena Maharani,xena174@dummy.co.id,8.12346E+13,Jalan Diponegoro No.174,3/6/2026,****CENSORED****,ada
175,Yusuf Effendi,yusuf175@dummy.co.id,8.12346E+13,Jalan Imam Bonjol No.175,3/6/2026,****CENSORED****,ada
176,Zahra Amelia,zahra176@dummy.co.id,8.12346E+13,Jalan Veteran No.176,3/6/2026,****CENSORED****,ada
177,Arif Budiman,arif177@dummy.co.id,8.12346E+13,Jalan Merdeka No.177,3/6/2026,****CENSORED****,ada
178,Bella Safitri,bella178@dummy.co.id,8.12346E+13,Jalan Pahlawan No.178,3/6/2026,****CENSORED****,ada
179,Cahyo Purnomo,cahyo179@dummy.co.id,8.12346E+13,Jalan Pemuda No.179,3/6/2026,****CENSORED****,ada
180,Dina Fitriani,dina180@dummy.co.id,8.12346E+13,Jalan Setia Budi No.180,3/6/2026,****CENSORED****,ada
181,Edi Surya,edi181@dummy.co.id,8.12346E+13,Jalan Cendana No.181,3/6/2026,****CENSORED****,ada
182,Fani Mardiana,fani182@dummy.co.id,8.12346E+13,Jalan Akasia No.182,3/6/2026,****CENSORED****,ada
183,Gunawan Saputra,gunawan183@dummy.co.id,8.12346E+13,Jalan Mahoni No.183,3/6/2026,****CENSORED****,ada
184,Hesty Wulandari,hesty184@dummy.co.id,8.12346E+13,Jalan Jati No.184,3/6/2026,****CENSORED****,ada
185,Imam Nawawi,imam185@dummy.co.id,8.12346E+13,Jalan Pinus No.185,3/6/2026,****CENSORED****,ada
186,Jihan Fadhilah,jihan186@dummy.co.id,8.12346E+13,Jalan Soekarno No.186,3/6/2026,****CENSORED****,ada
187,Kukuh Prasetya,kukuh187@dummy.co.id,8.12346E+13,Jalan Hatta No.187,3/6/2026,****CENSORED****,ada
188,Laila Nurhaliza,laila188@dummy.co.id,8.12346E+13,Jalan Nasution No.188,3/6/2026,****CENSORED****,ada
189,Miko Andrianto,miko189@dummy.co.id,8.12346E+13,Jalan Ahmad Yani No.189,3/6/2026,****CENSORED****,ada
190,Nina Safira,nina190@dummy.co.id,8.12346E+13,Jalan Yos Sudarso No.190,3/6/2026,****CENSORED****,ada
191,Ogi Setyawan,ogi191@dummy.co.id,8.12346E+13,Jalan Sisingamangaraja No.191,3/6/2026,****CENSORED****,ada
192,Pina Angelia,pina192@dummy.co.id,8.12346E+13,Jalan Pangeran No.192,3/6/2026,****CENSORED****,ada
193,Qiano Mahendra,qiano193@dummy.co.id,8.12346E+13,Jalan Kartini No.193,3/6/2026,****CENSORED****,ada
194,Rani Kusuma,rani194@dummy.co.id,8.12346E+13,Jalan Dewi Sartika No.194,3/6/2026,****CENSORED****,ada
195,Surya Darma,surya195@dummy.co.id,8.12346E+13,Jalan Cut Nyak Dien No.195,3/6/2026,****CENSORED****,ada
196,Tika Permata,tika196@dummy.co.id,8.12346E+13,Jalan Teuku Umar No.196,3/6/2026,****CENSORED****,ada
197,Ulfa Nadira,ulfa197@dummy.co.id,8.12346E+13,Jalan Hasanuddin No.197,3/6/2026,****CENSORED****,ada
198,Vino Saputra,vino198@dummy.co.id,8.12346E+13,Jalan Patimura No.198,3/6/2026,****CENSORED****,ada
199,Wulan Sari,wulan199@dummy.co.id,8.12346E+13,Jalan Antasari No.199,3/6/2026,****CENSORED****,ada
200,Yoga Permana,yoga200@dummy.co.id,8.12346E+13,Jalan Juanda No.200,3/6/2026,****CENSORED****,ada
201,Ahmad Fauzi,ahmad201@dummy.co.id,8.12346E+13,Jalan Mawar No.201,3/6/2026,****CENSORED****,ada
202,Budi Santoso,budi202@dummy.co.id,8.12346E+13,Jalan Melati No.202,3/6/2026,****CENSORED****,ada
203,Citra Dewi,citra203@dummy.co.id,8.12346E+13,Jalan Kenanga No.203,3/6/2026,****CENSORED****,ada
204,Dian Pratama,dian204@dummy.co.id,8.12346E+13,Jalan Anggrek No.204,3/6/2026,****CENSORED****,ada
205,Eko Wijaya,eko205@dummy.co.id,8.12346E+13,Jalan Dahlia No.205,3/6/2026,****CENSORED****,ada
206,Fitri Sari,fitri206@dummy.co.id,8.12346E+13,Jalan Flamboyan No.206,3/6/2026,****CENSORED****,ada
207,Galih Putra,galih207@dummy.co.id,8.12346E+13,Jalan Bougenville No.207,3/6/2026,****CENSORED****,ada
208,Hani Lestari,hani208@dummy.co.id,8.12346E+13,Jalan Cempaka No.208,3/6/2026,****CENSORED****,ada
209,Irfan Hakim,irfan209@dummy.co.id,8.12346E+13,Jalan Seroja No.209,3/6/2026,****CENSORED****,ada
210,Joko Susilo,joko210@dummy.co.id,8.12346E+13,Jalan Teratai No.210,3/6/2026,****CENSORED****,ada
211,Kartika Putri,kartika211@dummy.co.id,8.12346E+13,Jalan Mangga No.211,3/6/2026,****CENSORED****,ada
212,Luthfi Anwar,luthfi212@dummy.co.id,8.12346E+13,Jalan Rambutan No.212,3/6/2026,****CENSORED****,ada
213,Maya Indah,maya213@dummy.co.id,8.12346E+13,Jalan Durian No.213,3/6/2026,****CENSORED****,ada
214,Nanda Rizky,nanda214@dummy.co.id,8.12346E+13,Jalan Jambu No.214,3/6/2026,****CENSORED****,ada
215,Oky Firmansyah,oky215@dummy.co.id,8.12346E+13,Jalan Nangka No.215,3/6/2026,****CENSORED****,ada
216,Putri Rahayu,putri216@dummy.co.id,8.12346E+13,Jalan Kelapa No.216,3/6/2026,****CENSORED****,ada
217,Qori Amalia,qori217@dummy.co.id,8.12346E+13,Jalan Pisang No.217,3/6/2026,****CENSORED****,ada
218,Rizky Maulana,rizky218@dummy.co.id,8.12346E+13,Jalan Salak No.218,3/6/2026,****CENSORED****,ada
219,Sari Wulandari,sari219@dummy.co.id,8.12346E+13,Jalan Semangka No.219,3/6/2026,****CENSORED****,ada
220,Taufik Hidayat,taufik220@dummy.co.id,8.12346E+13,Jalan Markisa No.220,3/6/2026,****CENSORED****,ada
221,Umar Bakri,umar221@dummy.co.id,8.12346E+13,Jalan Sudirman No.221,3/6/2026,****CENSORED****,ada
222,Vina Oktavia,vina222@dummy.co.id,8.12346E+13,Jalan Thamrin No.222,3/6/2026,****CENSORED****,ada
223,Wahyu Nugroho,wahyu223@dummy.co.id,8.12346E+13,Jalan Gatot Subroto No.223,3/6/2026,****CENSORED****,ada
224,Xena Maharani,xena224@dummy.co.id,8.12346E+13,Jalan Diponegoro No.224,3/6/2026,****CENSORED****,ada
225,Yusuf Effendi,yusuf225@dummy.co.id,8.12346E+13,Jalan Imam Bonjol No.225,3/6/2026,****CENSORED****,ada
226,Zahra Amelia,zahra226@dummy.co.id,8.12346E+13,Jalan Veteran No.226,3/6/2026,****CENSORED****,ada
227,Arif Budiman,arif227@dummy.co.id,8.12346E+13,Jalan Merdeka No.227,3/6/2026,****CENSORED****,ada
228,Bella Safitri,bella228@dummy.co.id,8.12346E+13,Jalan Pahlawan No.228,3/6/2026,****CENSORED****,ada
229,Cahyo Purnomo,cahyo229@dummy.co.id,8.12346E+13,Jalan Pemuda No.229,3/6/2026,****CENSORED****,ada
230,Dina Fitriani,dina230@dummy.co.id,8.12346E+13,Jalan Setia Budi No.230,3/6/2026,****CENSORED****,ada
231,Edi Surya,edi231@dummy.co.id,8.12346E+13,Jalan Cendana No.231,3/6/2026,****CENSORED****,ada
232,Fani Mardiana,fani232@dummy.co.id,8.12346E+13,Jalan Akasia No.232,3/6/2026,****CENSORED****,ada
233,Gunawan Saputra,gunawan233@dummy.co.id,8.12346E+13,Jalan Mahoni No.233,3/6/2026,****CENSORED****,ada
234,Hesty Wulandari,hesty234@dummy.co.id,8.12346E+13,Jalan Jati No.234,3/6/2026,****CENSORED****,ada
235,Imam Nawawi,imam235@dummy.co.id,8.12346E+13,Jalan Pinus No.235,3/6/2026,****CENSORED****,ada
236,Jihan Fadhilah,jihan236@dummy.co.id,8.12346E+13,Jalan Soekarno No.236,3/6/2026,****CENSORED****,ada
237,Kukuh Prasetya,kukuh237@dummy.co.id,8.12346E+13,Jalan Hatta No.237,3/6/2026,****CENSORED****,ada
238,Laila Nurhaliza,laila238@dummy.co.id,8.12346E+13,Jalan Nasution No.238,3/6/2026,****CENSORED****,ada
239,Miko Andrianto,miko239@dummy.co.id,8.12346E+13,Jalan Ahmad Yani No.239,3/6/2026,****CENSORED****,ada
240,Nina Safira,nina240@dummy.co.id,8.12346E+13,Jalan Yos Sudarso No.240,3/6/2026,****CENSORED****,ada
241,Ogi Setyawan,ogi241@dummy.co.id,8.12346E+13,Jalan Sisingamangaraja No.241,3/6/2026,****CENSORED****,ada
242,Pina Angelia,pina242@dummy.co.id,8.12346E+13,Jalan Pangeran No.242,3/6/2026,****CENSORED****,ada
243,Qiano Mahendra,qiano243@dummy.co.id,8.12346E+13,Jalan Kartini No.243,3/6/2026,****CENSORED****,ada
244,Rani Kusuma,rani244@dummy.co.id,8.12346E+13,Jalan Dewi Sartika No.244,3/6/2026,****CENSORED****,ada
245,Surya Darma,surya245@dummy.co.id,8.12346E+13,Jalan Cut Nyak Dien No.245,3/6/2026,****CENSORED****,ada
246,Tika Permata,tika246@dummy.co.id,8.12346E+13,Jalan Teuku Umar No.246,3/6/2026,****CENSORED****,ada
247,Ulfa Nadira,ulfa247@dummy.co.id,8.12346E+13,Jalan Hasanuddin No.247,3/6/2026,****CENSORED****,ada
248,Vino Saputra,vino248@dummy.co.id,8.12346E+13,Jalan Patimura No.248,3/6/2026,****CENSORED****,ada
249,Wulan Sari,wulan249@dummy.co.id,8.12346E+13,Jalan Antasari No.249,3/6/2026,****CENSORED****,ada
250,Yoga Permana,yoga250@dummy.co.id,8.12346E+13,Jalan Juanda No.250,3/6/2026,****CENSORED****,ada
251,Ahmad Fauzi,ahmad251@dummy.co.id,8.12346E+13,Jalan Mawar No.251,3/6/2026,****CENSORED****,ada
252,Budi Santoso,budi252@dummy.co.id,8.12346E+13,Jalan Melati No.252,3/6/2026,****CENSORED****,ada
253,Citra Dewi,citra253@dummy.co.id,8.12346E+13,Jalan Kenanga No.253,3/6/2026,****CENSORED****,ada
254,Dian Pratama,dian254@dummy.co.id,8.12346E+13,Jalan Anggrek No.254,3/6/2026,****CENSORED****,ada
255,Eko Wijaya,eko255@dummy.co.id,8.12346E+13,Jalan Dahlia No.255,3/6/2026,****CENSORED****,ada
256,Fitri Sari,fitri256@dummy.co.id,8.12346E+13,Jalan Flamboyan No.256,3/6/2026,****CENSORED****,ada
257,Galih Putra,galih257@dummy.co.id,8.12346E+13,Jalan Bougenville No.257,3/6/2026,****CENSORED****,ada
258,Hani Lestari,hani258@dummy.co.id,8.12346E+13,Jalan Cempaka No.258,3/6/2026,****CENSORED****,ada
259,Irfan Hakim,irfan259@dummy.co.id,8.12346E+13,Jalan Seroja No.259,3/6/2026,****CENSORED****,ada
260,Joko Susilo,joko260@dummy.co.id,8.12346E+13,Jalan Teratai No.260,3/6/2026,****CENSORED****,ada
261,Kartika Putri,kartika261@dummy.co.id,8.12346E+13,Jalan Mangga No.261,3/6/2026,****CENSORED****,ada
262,Luthfi Anwar,luthfi262@dummy.co.id,8.12346E+13,Jalan Rambutan No.262,3/6/2026,****CENSORED****,ada
263,Maya Indah,maya263@dummy.co.id,8.12346E+13,Jalan Durian No.263,3/6/2026,****CENSORED****,ada
264,Nanda Rizky,nanda264@dummy.co.id,8.12346E+13,Jalan Jambu No.264,3/6/2026,****CENSORED****,ada
265,Oky Firmansyah,oky265@dummy.co.id,8.12346E+13,Jalan Nangka No.265,3/6/2026,****CENSORED****,ada
266,Putri Rahayu,putri266@dummy.co.id,8.12346E+13,Jalan Kelapa No.266,3/6/2026,****CENSORED****,ada
267,Qori Amalia,qori267@dummy.co.id,8.12346E+13,Jalan Pisang No.267,3/6/2026,****CENSORED****,ada
268,Rizky Maulana,rizky268@dummy.co.id,8.12346E+13,Jalan Salak No.268,3/6/2026,****CENSORED****,ada
269,Sari Wulandari,sari269@dummy.co.id,8.12346E+13,Jalan Semangka No.269,3/6/2026,****CENSORED****,ada
270,Taufik Hidayat,taufik270@dummy.co.id,8.12346E+13,Jalan Markisa No.270,3/6/2026,****CENSORED****,ada
271,Umar Bakri,umar271@dummy.co.id,8.12346E+13,Jalan Sudirman No.271,3/6/2026,****CENSORED****,ada
272,Vina Oktavia,vina272@dummy.co.id,8.12346E+13,Jalan Thamrin No.272,3/6/2026,****CENSORED****,ada
273,Wahyu Nugroho,wahyu273@dummy.co.id,8.12346E+13,Jalan Gatot Subroto No.273,3/6/2026,****CENSORED****,ada
274,Xena Maharani,xena274@dummy.co.id,8.12346E+13,Jalan Diponegoro No.274,3/6/2026,****CENSORED****,ada
275,Yusuf Effendi,yusuf275@dummy.co.id,8.12346E+13,Jalan Imam Bonjol No.275,3/6/2026,****CENSORED****,ada
276,Zahra Amelia,zahra276@dummy.co.id,8.12346E+13,Jalan Veteran No.276,3/6/2026,****CENSORED****,ada
277,Arif Budiman,arif277@dummy.co.id,8.12346E+13,Jalan Merdeka No.277,3/6/2026,****CENSORED****,ada
278,Bella Safitri,bella278@dummy.co.id,8.12346E+13,Jalan Pahlawan No.278,3/6/2026,****CENSORED****,ada
279,Cahyo Purnomo,cahyo279@dummy.co.id,8.12346E+13,Jalan Pemuda No.279,3/6/2026,****CENSORED****,ada
280,Dina Fitriani,dina280@dummy.co.id,8.12346E+13,Jalan Setia Budi No.280,3/6/2026,****CENSORED****,ada
281,Edi Surya,edi281@dummy.co.id,8.12346E+13,Jalan Cendana No.281,3/6/2026,****CENSORED****,ada
282,Fani Mardiana,fani282@dummy.co.id,8.12346E+13,Jalan Akasia No.282,3/6/2026,****CENSORED****,ada
283,Gunawan Saputra,gunawan283@dummy.co.id,8.12346E+13,Jalan Mahoni No.283,3/6/2026,****CENSORED****,ada
284,Hesty Wulandari,hesty284@dummy.co.id,8.12346E+13,Jalan Jati No.284,3/6/2026,****CENSORED****,ada
285,Imam Nawawi,imam285@dummy.co.id,8.12346E+13,Jalan Pinus No.285,3/6/2026,****CENSORED****,ada
286,Jihan Fadhilah,jihan286@dummy.co.id,8.12346E+13,Jalan Soekarno No.286,3/6/2026,****CENSORED****,ada
287,Kukuh Prasetya,kukuh287@dummy.co.id,8.12346E+13,Jalan Hatta No.287,3/6/2026,****CENSORED****,ada
288,Laila Nurhaliza,laila288@dummy.co.id,8.12346E+13,Jalan Nasution No.288,3/6/2026,****CENSORED****,ada
289,Miko Andrianto,miko289@dummy.co.id,8.12346E+13,Jalan Ahmad Yani No.289,3/6/2026,****CENSORED****,ada
290,Nina Safira,nina290@dummy.co.id,8.12346E+13,Jalan Yos Sudarso No.290,3/6/2026,****CENSORED****,ada
291,Ogi Setyawan,ogi291@dummy.co.id,8.12346E+13,Jalan Sisingamangaraja No.291,3/6/2026,****CENSORED****,ada
292,Pina Angelia,pina292@dummy.co.id,8.12346E+13,Jalan Pangeran No.292,3/6/2026,****CENSORED****,ada
293,Qiano Mahendra,qiano293@dummy.co.id,8.12346E+13,Jalan Kartini No.293,3/6/2026,****CENSORED****,ada
294,Rani Kusuma,rani294@dummy.co.id,8.12346E+13,Jalan Dewi Sartika No.294,3/6/2026,****CENSORED****,ada
295,Surya Darma,surya295@dummy.co.id,8.12346E+13,Jalan Cut Nyak Dien No.295,3/6/2026,****CENSORED****,ada
296,Tika Permata,tika296@dummy.co.id,8.12346E+13,Jalan Teuku Umar No.296,3/6/2026,****CENSORED****,ada
297,Ulfa Nadira,ulfa297@dummy.co.id,8.12346E+13,Jalan Hasanuddin No.297,3/6/2026,****CENSORED****,ada
298,Vino Saputra,vino298@dummy.co.id,8.12346E+13,Jalan Patimura No.298,3/6/2026,****CENSORED****,ada
299,Wulan Sari,wulan299@dummy.co.id,8.12346E+13,Jalan Antasari No.299,3/6/2026,****CENSORED****,ada
300,Yoga Permana,yoga300@dummy.co.id,8.12346E+13,Jalan Juanda No.300,3/6/2026,****CENSORED****,ada
1,Ahmad Fauzi,ahmad1@dummy.co.id,8.12346E+13,Jalan Mawar No.1,3/6/2026,****CENSORED****,ada
2,Budi Santoso,budi2@dummy.co.id,8.12346E+13,Jalan Melati No.2,3/6/2026,****CENSORED****,ada
3,Citra Dewi,citra3@dummy.co.id,8.12346E+13,Jalan Kenanga No.3,3/6/2026,****CENSORED****,ada
4,Dian Pratama,dian4@dummy.co.id,8.12346E+13,Jalan Anggrek No.4,3/6/2026,****CENSORED****,ada
5,Eko Wijaya,eko5@dummy.co.id,8.12346E+13,Jalan Dahlia No.5,3/6/2026,****CENSORED****,ada
6,Fitri Sari,fitri6@dummy.co.id,8.12346E+13,Jalan Flamboyan No.6,3/6/2026,****CENSORED****,ada
7,Galih Putra,galih7@dummy.co.id,8.12346E+13,Jalan Bougenville No.7,3/6/2026,****CENSORED****,ada
8,Hani Lestari,hani8@dummy.co.id,8.12346E+13,Jalan Cempaka No.8,3/6/2026,****CENSORED****,ada
9,Irfan Hakim,irfan9@dummy.co.id,8.12346E+13,Jalan Seroja No.9,3/6/2026,****CENSORED****,ada
10,Joko Susilo,joko10@dummy.co.id,8.12346E+13,Jalan Teratai No.10,3/6/2026,****CENSORED****,ada
11,Kartika Putri,kartika11@dummy.co.id,8.12346E+13,Jalan Mangga No.11,3/6/2026,****CENSORED****,ada
12,Luthfi Anwar,luthfi12@dummy.co.id,8.12346E+13,Jalan Rambutan No.12,3/6/2026,****CENSORED****,ada
13,Maya Indah,maya13@dummy.co.id,8.12346E+13,Jalan Durian No.13,3/6/2026,****CENSORED****,ada
14,Nanda Rizky,nanda14@dummy.co.id,8.12346E+13,Jalan Jambu No.14,3/6/2026,****CENSORED****,ada
15,Oky Firmansyah,oky15@dummy.co.id,8.12346E+13,Jalan Nangka No.15,3/6/2026,****CENSORED****,ada
16,Putri Rahayu,putri16@dummy.co.id,8.12346E+13,Jalan Kelapa No.16,3/6/2026,****CENSORED****,ada
17,Qori Amalia,qori17@dummy.co.id,8.12346E+13,Jalan Pisang No.17,3/6/2026,****CENSORED****,ada
18,Rizky Maulana,rizky18@dummy.co.id,8.12346E+13,Jalan Salak No.18,3/6/2026,****CENSORED****,ada
19,Sari Wulandari,sari19@dummy.co.id,8.12346E+13,Jalan Semangka No.19,3/6/2026,****CENSORED****,ada
20,Taufik Hidayat,taufik20@dummy.co.id,8.12346E+13,Jalan Markisa No.20,3/6/2026,****CENSORED****,ada
21,Umar Bakri,umar21@dummy.co.id,8.12346E+13,Jalan Sudirman No.21,3/6/2026,****CENSORED****,ada
22,Vina Oktavia,vina22@dummy.co.id,8.12346E+13,Jalan Thamrin No.22,3/6/2026,****CENSORED****,ada
23,Wahyu Nugroho,wahyu23@dummy.co.id,8.12346E+13,Jalan Gatot Subroto No.23,3/6/2026,****CENSORED****,ada
24,Xena Maharani,xena24@dummy.co.id,8.12346E+13,Jalan Diponegoro No.24,3/6/2026,****CENSORED****,ada
25,Yusuf Effendi,yusuf25@dummy.co.id,8.12346E+13,Jalan Imam Bonjol No.25,3/6/2026,****CENSORED****,ada
26,Zahra Amelia,zahra26@dummy.co.id,8.12346E+13,Jalan Veteran No.26,3/6/2026,****CENSORED****,ada
27,Arif Budiman,arif27@dummy.co.id,8.12346E+13,Jalan Merdeka No.27,3/6/2026,****CENSORED****,ada
28,Bella Safitri,bella28@dummy.co.id,8.12346E+13,Jalan Pahlawan No.28,3/6/2026,****CENSORED****,ada
29,Cahyo Purnomo,cahyo29@dummy.co.id,8.12346E+13,Jalan Pemuda No.29,3/6/2026,****CENSORED****,ada
30,Dina Fitriani,dina30@dummy.co.id,8.12346E+13,Jalan Setia Budi No.30,3/6/2026,****CENSORED****,ada
31,Edi Surya,edi31@dummy.co.id,8.12346E+13,Jalan Cendana No.31,3/6/2026,****CENSORED****,ada
32,Fani Mardiana,fani32@dummy.co.id,8.12346E+13,Jalan Akasia No.32,3/6/2026,****CENSORED****,ada
33,Gunawan Saputra,gunawan33@dummy.co.id,8.12346E+13,Jalan Mahoni No.33,3/6/2026,****CENSORED****,ada
34,Hesty Wulandari,hesty34@dummy.co.id,8.12346E+13,Jalan Jati No.34,3/6/2026,****CENSORED****,ada
35,Imam Nawawi,imam35@dummy.co.id,8.12346E+13,Jalan Pinus No.35,3/6/2026,****CENSORED****,ada
36,Jihan Fadhilah,jihan36@dummy.co.id,8.12346E+13,Jalan Soekarno No.36,3/6/2026,****CENSORED****,ada
37,Kukuh Prasetya,kukuh37@dummy.co.id,8.12346E+13,Jalan Hatta No.37,3/6/2026,****CENSORED****,ada
38,Laila Nurhaliza,laila38@dummy.co.id,8.12346E+13,Jalan Nasution No.38,3/6/2026,****CENSORED****,ada
39,Miko Andrianto,miko39@dummy.co.id,8.12346E+13,Jalan Ahmad Yani No.39,3/6/2026,****CENSORED****,ada
40,Nina Safira,nina40@dummy.co.id,8.12346E+13,Jalan Yos Sudarso No.40,3/6/2026,****CENSORED****,ada
41,Ogi Setyawan,ogi41@dummy.co.id,8.12346E+13,Jalan Sisingamangaraja No.41,3/6/2026,****CENSORED****,ada
42,Pina Angelia,pina42@dummy.co.id,8.12346E+13,Jalan Pangeran No.42,3/6/2026,****CENSORED****,ada
43,Qiano Mahendra,qiano43@dummy.co.id,8.12346E+13,Jalan Kartini No.43,3/6/2026,****CENSORED****,ada
44,Rani Kusuma,rani44@dummy.co.id,8.12346E+13,Jalan Dewi Sartika No.44,3/6/2026,****CENSORED****,ada
45,Surya Darma,surya45@dummy.co.id,8.12346E+13,Jalan Cut Nyak Dien No.45,3/6/2026,****CENSORED****,ada
46,Tika Permata,tika46@dummy.co.id,8.12346E+13,Jalan Teuku Umar No.46,3/6/2026,****CENSORED****,ada
47,Ulfa Nadira,ulfa47@dummy.co.id,8.12346E+13,Jalan Hasanuddin No.47,3/6/2026,****CENSORED****,ada
48,Vino Saputra,vino48@dummy.co.id,8.12346E+13,Jalan Patimura No.48,3/6/2026,****CENSORED****,ada
49,Wulan Sari,wulan49@dummy.co.id,8.12346E+13,Jalan Antasari No.49,3/6/2026,****CENSORED****,ada
50,Yoga Permana,yoga50@dummy.co.id,8.12346E+13,Jalan Juanda No.50,3/6/2026,****CENSORED****,ada
51,Ahmad Fauzi,ahmad51@dummy.co.id,8.12346E+13,Jalan Mawar No.51,3/6/2026,****CENSORED****,ada
52,Budi Santoso,budi52@dummy.co.id,8.12346E+13,Jalan Melati No.52,3/6/2026,****CENSORED****,ada
53,Citra Dewi,citra53@dummy.co.id,8.12346E+13,Jalan Kenanga No.53,3/6/2026,****CENSORED****,ada
54,Dian Pratama,dian54@dummy.co.id,8.12346E+13,Jalan Anggrek No.54,3/6/2026,****CENSORED****,ada
55,Eko Wijaya,eko55@dummy.co.id,8.12346E+13,Jalan Dahlia No.55,3/6/2026,****CENSORED****,ada
56,Fitri Sari,fitri56@dummy.co.id,8.12346E+13,Jalan Flamboyan No.56,3/6/2026,****CENSORED****,ada
57,Galih Putra,galih57@dummy.co.id,8.12346E+13,Jalan Bougenville No.57,3/6/2026,****CENSORED****,ada
58,Hani Lestari,hani58@dummy.co.id,8.12346E+13,Jalan Cempaka No.58,3/6/2026,****CENSORED****,ada
59,Irfan Hakim,irfan59@dummy.co.id,8.12346E+13,Jalan Seroja No.59,3/6/2026,****CENSORED****,ada
60,Joko Susilo,joko60@dummy.co.id,8.12346E+13,Jalan Teratai No.60,3/6/2026,****CENSORED****,ada
61,Kartika Putri,kartika61@dummy.co.id,8.12346E+13,Jalan Mangga No.61,3/6/2026,****CENSORED****,ada
62,Luthfi Anwar,luthfi62@dummy.co.id,8.12346E+13,Jalan Rambutan No.62,3/6/2026,****CENSORED****,ada
63,Maya Indah,maya63@dummy.co.id,8.12346E+13,Jalan Durian No.63,3/6/2026,****CENSORED****,ada
64,Nanda Rizky,nanda64@dummy.co.id,8.12346E+13,Jalan Jambu No.64,3/6/2026,****CENSORED****,ada
65,Oky Firmansyah,oky65@dummy.co.id,8.12346E+13,Jalan Nangka No.65,3/6/2026,****CENSORED****,ada
66,Putri Rahayu,putri66@dummy.co.id,8.12346E+13,Jalan Kelapa No.66,3/6/2026,****CENSORED****,ada
