ID_SUPIR,NAMA_SUPIR,EMAIL_SUPIR,TELP_SUPIR,ALAMAT_SUPIR,SIM_SUPIR,CREATED_AT
1,Agus Salim,agus1@rental.com,0811111111111,Jalan Mawar No.1,SIM-A-001-2021,3/6/2026
2,Bambang Riyadi,bambang2@rental.com,0811111111112,Jalan Melati No.2,SIM-A-002-2020,3/6/2026
3,Cecep Supriatna,cecep3@rental.com,0811111111113,Jalan Kenanga No.3,SIM-A-003-2022,3/6/2026
4,Dadang Hermawan,dadang4@rental.com,0811111111114,Jalan Anggrek No.4,SIM-A-004-2021,3/6/2026
5,Edi Mulyono,edi5@rental.com,0811111111115,Jalan Dahlia No.5,SIM-A-005-2020,3/6/2026
6,Fatur Rahman,fatur6@rental.com,0811111111116,Jalan Flamboyan No.6,SIM-A-006-2022,3/6/2026
7,Ganda Putra,ganda7@rental.com,0811111111117,Jalan Bougenville No.7,SIM-A-007-2021,3/6/2026
8,Heru Santoso,heru8@rental.com,0811111111118,Jalan Cempaka No.8,SIM-A-008-2020,3/6/2026
9,Indra Gunawan,indra9@rental.com,0811111111119,Jalan Seroja No.9,SIM-A-009-2022,3/6/2026
10,Jaka Samudra,jaka10@rental.com,0811111111110,Jalan Teratai No.10,SIM-A-010-2021,3/6/2026
11,Krisna Bayu,krisna11@rental.com,0811111111111,Jalan Mangga No.11,SIM-A-011-2022,3/6/2026
12,Lukman Hakim,lukman12@rental.com,0811111111112,Jalan Rambutan No.12,SIM-A-012-2020,3/6/2026
13,Maman Suryadi,maman13@rental.com,0811111111113,Jalan Durian No.13,SIM-A-013-2021,3/6/2026
14,Nana Suryana,nana14@rental.com,0811111111114,Jalan Jambu No.14,SIM-A-014-2022,3/6/2026
15,Oji Kurniawan,oji15@rental.com,0811111111115,Jalan Nangka No.15,SIM-A-015-2020,3/6/2026
